session_id,gender
u12112,female
u19725,male
u11795,female
u22639,female
u18034,male
u11327,male
u12768,male
u17011,male
u13527,female
u24492,female
u10027,male
u15734,female
u11242,male
u18013,male
u15322,male
u14059,male
u22231,female
u20251,male
u13118,female
u19704,male
u16615,female
u11846,female
u12002,male
u19607,male
u23535,female
u23301,male
u23259,male
u17314,female
u21292,male
u16410,male
u10354,female
u15956,male
u13590,female
u21750,female
u10919,female
u18304,female
u17029,female
u23452,male
u10760,male
u13945,female
u14381,female
u15893,male
u21367,female
u16188,female
u18529,female
u11433,female
u10428,female
u23967,female
u12818,female
u22419,female
u19479,male
u20258,female
u22694,female
u12695,female
u12513,female
u17510,male
u15315,female
u24565,male
u20567,male
u10830,male
u16782,female
u23675,female
u12912,male
u19937,female
u15300,female
u16034,female
u21427,male
u10515,male
u20679,male
u14439,female
u19340,female
u23465,female
u13736,female
u17167,female
u18405,female
u24991,female
u22619,female
u10032,female
u12102,male
u23751,male
u18513,male
u13278,female
u13702,male
u18542,male
u10196,female
u12732,male
u12773,female
u14625,male
u19079,male
u21703,male
u17932,male
u11273,male
u15687,male
u17563,male
u22520,female
u19416,male
u11777,female
u17142,male
u18164,female
u23081,male
u17072,female
u21986,female
u13434,male
u22796,female
u16837,male
u11677,female
u22544,female
u19124,female
u11136,female
u18439,male
u22417,female
u21501,male
u22676,female
u22545,male
u14252,female
u19392,female
u15432,female
u21015,female
u23453,male
u10465,female
u23451,male
u18313,male
u20833,female
u12207,male
u21874,male
u24806,male
u23388,male
u19221,male
u15745,female
u18868,male
u22615,male
u19650,female
u18419,male
u12601,male
u21026,male
u12023,male
u24140,female
u15729,female
u23181,male
u22564,male
u20300,female
u19823,male
u23579,female
u14029,female
u14421,female
u21460,male
u13073,female
u13973,male
u16628,male
u15645,male
u19142,male
u22571,female
u19662,male
u11712,male
u19627,female
u14351,female
u22168,male
u12141,female
u17327,male
u11602,female
u23068,female
u11042,female
u20124,female
u22345,female
u20137,female
u14494,male
u17809,female
u17177,male
u18685,female
u19276,male
u18791,male
u12550,male
u20449,male
u13292,female
u15328,female
u18338,female
u12766,male
u16487,female
u21317,female
u15100,female
u22584,female
u10699,male
u19442,female
u13955,female
u17308,female
u21518,female
u11723,male
u13578,male
u14880,male
u14155,female
u15301,male
u17288,male
u12396,female
u19542,male
u24857,male
u12261,female
u21129,female
u23663,male
u18094,female
u17842,female
u13255,female
u16696,male
u11309,female
u17400,female
u18663,male
u11314,male
u11611,male
u21476,male
u19119,female
u19744,male
u14030,female
u20710,female
u23356,female
u23344,male
u23371,female
u22269,female
u17810,female
u16647,male
u11559,male
u13732,male
u16627,male
u12876,male
u10144,female
u17441,male
u15870,female
u23538,male
u13867,male
u13220,female
u16368,male
u12285,male
u11356,male
u14089,male
u24892,male
u16498,female
u23469,male
u16031,female
u23524,male
u18318,female
u18121,male
u11935,male
u23140,male
u21135,male
u11197,female
u17608,male
u22308,male
u13700,male
u15171,female
u19002,female
u16274,male
u19741,male
u19766,female
u22523,male
u20350,male
u14519,female
u24956,female
u20249,male
u22840,female
u10406,female
u17051,male
u20777,male
u24925,female
u23568,female
u21261,male
u14179,female
u15859,female
u13306,male
u14622,female
u22362,male
u19906,male
u20724,female
u14959,male
u22971,female
u20954,male
u22430,female
u15600,male
u17492,male
u10151,female
u22644,male
u12037,male
u14744,male
u13636,male
u21333,female
u17871,male
u11858,female
u24433,male
u13401,male
u24586,male
u19848,male
u15082,female
u24967,male
u11358,male
u15068,male
u13782,female
u15854,female
u18756,female
u17318,female
u16341,female
u10453,female
u10946,male
u24145,male
u21629,female
u11913,male
u24732,female
u13595,male
u21925,male
u16059,female
u10607,male
u18689,female
u22875,female
u20580,male
u13013,male
u21502,male
u15290,male
u14648,male
u12602,female
u10261,male
u11524,female
u13739,male
u23393,male
u15544,male
u17135,female
u22474,female
u19706,female
u10460,male
u17079,female
u11666,female
u13082,male
u23580,male
u19844,male
u24001,female
u24704,male
u18031,female
u16457,male
u18962,female
u21096,female
u23312,male
u24612,male
u14185,male
u10016,male
u15235,male
u15727,female
u21744,male
u13094,female
u14950,female
u15207,male
u24044,female
u14391,male
u15945,male
u20081,male
u16959,female
u16744,female
u10064,male
u24424,female
u20618,female
u17172,male
u20438,male
u12024,female
u14193,male
u15230,female
u20983,male
u13293,female
u13516,male
u19716,male
u19792,male
u12095,female
u15932,female
u20742,female
u21590,male
u21840,female
u12882,male
u24320,male
u22948,female
u17826,female
u16179,male
u21953,male
u22310,male
u12956,male
u10686,female
u19599,male
u11890,male
u21499,female
u12436,female
u22179,male
u18146,female
u15954,male
u14789,female
u13213,male
u12721,female
u10344,male
u18258,male
u23077,male
u23464,male
u14305,female
u19174,female
u17560,female
u16967,female
u23122,female
u19566,male
u12358,male
u21979,male
u16050,male
u20504,female
u16631,female
u16153,male
u11494,female
u17646,female
u17093,male
u14718,male
u21346,female
u14109,female
u19801,male
u14090,female
u23545,female
u18808,female
u18956,female
u10123,male
u18493,female
u17435,female
u11386,male
u16269,female
u24883,female
u17757,female
u18279,female
u24733,male
u21500,male
u18128,male
u16325,male
u13299,female
u20234,male
u13267,female
u18295,female
u17578,female
u16243,female
u17056,female
u24168,female
u23522,female
u14123,female
u21892,male
u19382,female
u16038,male
u22499,male
u17799,female
u21616,female
u23432,female
u19626,male
u12464,female
u22047,male
u19619,male
u21615,female
u12622,female
u20346,female
u24384,male
u16634,female
u23234,male
u16354,male
u17058,male
u12381,female
u24742,male
u23662,female
u19107,male
u19881,male
u23362,male
u16624,female
u21680,male
u22432,male
u12138,female
u24977,male
u13472,female
u22511,male
u12374,female
u11099,female
u20994,male
u23275,male
u19080,female
u21228,female
u16560,female
u11781,male
u15410,male
u17203,female
u22954,female
u21545,male
u11308,female
u22007,male
u20331,male
u21789,female
u23928,male
u15592,female
u15965,female
u22975,male
u10941,female
u20975,female
u22339,female
u10854,female
u10715,female
u13678,female
u17317,male
u18547,male
u10781,female
u15201,male
u21474,female
u12653,female
u24657,male
u12934,female
u17837,female
u10067,male
u15429,female
u23894,male
u13643,male
u21523,female
u15656,female
u11931,male
u14157,female
u21862,female
u14303,male
u17707,female
u15440,male
u21883,male
u18012,male
u17231,female
u22806,female
u12544,female
u19927,male
u22482,male
u12859,female
u14490,female
u12435,female
u16690,male
u21931,male
u16334,female
u14446,female
u17341,male
u12699,female
u24740,female
u20986,male
u23404,male
u24106,male
u24378,female
u12708,male
u12423,male
u11608,male
u23551,male
u10275,male
u11558,male
u13687,male
u15036,male
u15136,female
u24958,female
u13371,male
u13043,male
u23585,male
u10142,female
u19049,male
u12953,female
u10681,male
u13487,female
u21756,male
u15610,female
u13327,male
u15926,female
u24813,female
u18646,male
u21478,female
u12461,female
u20219,male
u16398,male
u16826,female
u13767,male
u12656,female
u11078,female
u18429,male
u21286,female
u19505,female
u15580,male
u11090,female
u12816,male
u21687,male
u13538,female
u20673,female
u11902,female
u16853,female
u23186,female
u14955,female
u22591,female
u17039,female
u18325,female
u22146,female
u24432,male
u23495,female
u24069,male
u19337,male
u22804,female
u10294,female
u10814,female
u16255,female
u16871,male
u13168,female
u24835,male
u17587,male
u21693,female
u15810,male
u10809,female
u12368,female
u15488,female
u16215,female
u16163,male
u14212,male
u14175,female
u14288,male
u21114,male
u21482,female
u22175,male
u18732,male
u14502,male
u22440,male
u18072,female
u14411,male
u12268,male
u12735,female
u13313,male
u14387,male
u11764,female
u19165,female
u18944,female
u16626,male
u21400,female
u18874,male
u24802,male
u19440,male
u24410,female
u22009,male
u21987,male
u14821,female
u23212,female
u24263,male
u14827,male
u18981,male
u23410,male
u11757,male
u13477,male
u18720,female
u18315,female
u11533,male
u13968,male
u19689,male
u15994,female
u13088,female
u13097,male
u20772,female
u14365,male
u16954,female
u20436,female
u11299,female
u11571,male
u24070,male
u13725,male
u23095,female
u17419,female
u18490,female
u19845,male
u11735,male
u13848,male
u12943,male
u10021,male
u23001,female
u24506,female
u18476,male
u20477,female
u16098,male
u11286,male
u22019,male
u12066,female
u16048,male
u15124,male
u14367,female
u16503,female
u19306,male
u19380,male
u14051,male
u20819,female
u13493,female
u10940,male
u17575,male
u20392,female
u14735,male
u10488,male
u13518,female
u16584,male
u13551,male
u15268,male
u18185,male
u21522,male
u13535,female
u13646,female
u11916,female
u16846,male
u18431,male
u16430,male
u20947,female
u17139,female
u17719,male
u24299,female
u24037,male
u17992,male
u22044,male
u11675,male
u17716,male
u11614,male
u19000,female
u17878,female
u14861,female
u20683,female
u20849,female
u14294,female
u10187,female
u20012,female
u18417,male
u18404,male
u21575,female
u19783,male
u12587,male
u14963,male
u21004,male
u12747,female
u14539,female
u12429,female
u15203,female
u12451,female
u14697,female
u18190,female
u10497,female
u13185,female
u16711,female
u23871,female
u19212,male
u24668,female
u18983,male
u23295,male
u20428,male
u20158,male
u11755,male
u12403,male
u11831,female
u20239,female
u11895,female
u12785,female
u12606,female
u16849,female
u22476,female
u23835,male
u18004,female
u17820,female
u21210,female
u23059,female
u18519,female
u15384,female
u14759,male
u18501,male
u23008,male
u24855,male
u19682,female
u18907,female
u18537,female
u18744,female
u22416,male
u24522,female
u20297,female
u19461,female
u23992,female
u22244,female
u22683,female
u19196,female
u20861,male
u23656,male
u13414,male
u19836,female
u18062,female
u19094,male
u14262,female
u13504,female
u11572,male
u13810,male
u16444,male
u21183,female
u12532,female
u14638,male
u12680,male
u20095,male
u10031,female
u22409,male
u18484,male
u24639,female
u11886,female
u13737,female
u20871,female
u21065,female
u19726,male
u22296,male
u23531,female
u13104,female
u17181,male
u16465,male
u12008,male
u11475,male
u18922,female
u21362,male
u18191,female
u17495,female
u23567,female
u23887,female
u17839,female
u14340,male
u16122,male
u12364,female
u23260,female
u19765,male
u18705,female
u23759,female
u12394,female
u16679,female
u11743,male
u16349,female
u14437,male
u17349,male
u22289,female
u19910,female
u17013,male
u19822,female
u14416,male
u17668,female
u23843,male
u23063,female
u21871,male
u24052,male
u13161,female
u14390,female
u19314,male
u23130,male
u23613,female
u19756,female
u22276,female
u17640,male
u24634,female
u10721,female
u20608,male
u22103,male
u15794,female
u20667,male
u12523,male
u19182,male
u22272,female
u22004,female
u19399,male
u23987,male
u10924,male
u20361,male
u17265,female
u10356,male
u12875,female
u14032,male
u19466,male
u21771,female
u21289,female
u18890,female
u17106,female
u20515,male
u17892,male
u11959,female
u19775,male
u24821,female
u13143,female
u13426,male
u11921,female
u19761,female
u23220,female
u11430,male
u24444,male
u23589,female
u17904,male
u16697,female
u11241,female
u19447,female
u18665,male
u22788,male
u12498,male
u11509,male
u18637,female
u15755,female
u19916,female
u18676,male
u12904,female
u16681,female
u10590,male
u11840,male
u22611,female
u18734,female
u22443,male
u13838,female
u17713,female
u16788,male
u20895,male
u18605,female
u20325,female
u15504,male
u22484,female
u21715,male
u24974,female
u24024,male
u19359,female
u14031,female
u10604,female
u15698,male
u16550,male
u11807,female
u24127,female
u19377,male
u10444,female
u18311,female
u12634,male
u11126,female
u15027,male
u14873,male
u13441,male
u13550,male
u11754,female
u13511,male
u15281,male
u18152,female
u19239,female
u12567,female
u20697,female
u21334,male
u24966,male
u24356,female
u19518,female
u11842,male
u23950,female
u19280,female
u13993,female
u21655,female
u22359,female
u22933,male
u17677,female
u16134,male
u22365,female
u13853,male
u13709,male
u22062,male
u22206,female
u16309,female
u15409,female
u10659,female
u24387,female
u15877,male
u20227,male
u13510,male
u10546,male
u13165,male
u13970,female
u24007,female
u16929,male
u15400,female
u22297,female
u24801,female
u11537,female
u24729,male
u18375,female
u15428,female
u15855,female
u14508,male
u17220,male
u12034,male
u14110,female
u16468,male
u12185,female
u12810,male
u11391,female
u13227,male
u21148,female
u24408,male
u16879,male
u24234,male
u19026,female
u18459,male
u20072,female
u20604,female
u24963,male
u16104,female
u14663,female
u17710,male
u18948,male
u11183,female
u21593,female
u19824,female
u10049,male
u15628,male
u22087,male
u24546,male
u22116,male
u16022,female
u21052,female
u18827,female
u21442,female
u12909,female
u13630,male
u21768,male
u17742,female
u19013,female
u12940,female
u14166,male
u14563,male
u24946,female
u11773,female
u11601,female
u21126,female
u22183,female
u20844,female
u10217,male
u10011,female
u15754,male
u10403,female
u22166,female
u22394,female
u20759,female
u13290,female
u23553,male
u10416,male
u20991,female
u21180,female
u13471,female
u15065,female
u20157,male
u17996,female
u10433,male
u17391,male
u12063,female
u20785,female
u23594,female
u24062,male
u24549,male
u18653,male
u22421,female
u14401,female
u23774,female
u12591,female
u16945,male
u15684,female
u16777,male
u20628,male
u10474,male
u23872,male
u19771,female
u19460,female
u11656,female
u20896,male
u16840,male
u14747,female
u22021,female
u11218,female
u13825,male
u15205,male
u16286,male
u17494,female
u17617,female
u18324,male
u19001,male
u11055,female
u24650,female
u11535,male
u17597,female
u10351,male
u13769,male
u17394,female
u18814,male
u19430,male
u21878,female
u15146,female
u13807,female
u21360,male
u18219,male
u21528,female
u10316,male
u21084,female
u13831,male
u18891,female
u18156,female
u20061,male
u24895,male
u16219,male
u19931,male
u18319,female
u12174,male
u18679,male
u12530,male
u20063,male
u24709,male
u21306,male
u17841,male
u15556,female
u10132,female
u17411,female
u23013,female
u14081,female
u17324,female
u12336,female
u20539,female
u20979,male
u10912,female
u24854,male
u23802,male
u21259,male
u18729,female
u24728,female
u18227,male
u21100,male
u15060,male
u18942,female
u21506,female
u13766,female
u13503,female
u17865,female
u12863,female
u19030,female
u14949,female
u22917,male
u12796,female
u16774,female
u19393,male
u21707,male
u17749,male
u12755,female
u10083,female
u17313,female
u16249,male
u23426,female
u22207,female
u24703,male
u20326,male
u10250,female
u22911,male
u19439,male
u17038,male
u20017,male
u22115,male
u14623,female
u12531,female
u14580,female
u21794,female
u10320,female
u17290,female
u21702,female
u23281,male
u19647,female
u22347,male
u14635,female
u22017,female
u12402,female
u12434,male
u17519,female
u14707,male
u19515,male
u11717,male
u22719,female
u16193,female
u19534,female
u20354,male
u11147,female
u22521,female
u14309,female
u12555,female
u23896,female
u24039,female
u18776,male
u20587,male
u13909,male
u16486,male
u23115,female
u16865,female
u13283,male
u11377,male
u18045,female
u20671,male
u22497,male
u11726,female
u23993,male
u22502,male
u23706,female
u10276,male
u10415,female
u10512,male
u17676,female
u18619,male
u12052,male
u14678,male
u23979,male
u24448,female
u12711,female
u24194,male
u17023,male
u11338,female
u13567,male
u18599,female
u17787,male
u13548,female
u16885,female
u15725,female
u23438,male
u17260,female
u12809,female
u23946,female
u24120,male
u12349,male
u23693,male
u11485,female
u16421,male
u12248,male
u17830,male
u15632,female
u20856,male
u22525,female
u22372,female
u22363,male
u14261,male
u18535,female
u19295,female
u16633,female
u24664,female
u21370,female
u13671,male
u20366,male
u24029,female
u22414,male
u20654,female
u23741,male
u10342,male
u20523,male
u21134,female
u21209,female
u18779,female
u21724,female
u24755,male
u15565,female
u19132,male
u15581,female
u12441,male
u12246,female
u21792,female
u17041,female
u11205,male
u14624,male
u16239,female
u19149,male
u19798,male
u17745,female
u10823,female
u23775,male
u11436,female
u23536,female
u21667,female
u23912,female
u16144,male
u10048,male
u10674,male
u13609,female
u11199,female
u18435,male
u18076,female
u24463,male
u20094,female
u21365,female
u23748,male
u21721,female
u21688,male
u16121,female
u18073,male
u18976,female
u12929,female
u13020,female
u18863,female
u16190,female
u18677,female
u13484,male
u15579,female
u18883,male
u10071,male
u12527,male
u15837,female
u21275,male
u22509,male
u10548,male
u22404,male
u21700,female
u12287,male
u24405,male
u20065,male
u23216,female
u11448,male
u15242,male
u18986,male
u14088,male
u22526,female
u11303,female
u15081,male
u10235,male
u11018,male
u19970,male
u12215,male
u16660,female
u23664,male
u21143,female
u23437,female
u15116,male
u17304,female
u23014,male
u19886,female
u24314,male
u19808,male
u10753,male
u15493,male
u16962,male
u19467,female
u23930,female
u15153,male
u15483,female
u11191,female
u13070,male
u11019,male
u21085,female
u21403,female
u13342,male
u14786,male
u22259,male
u15829,male
u19843,female
u11265,male
u16858,male
u10422,male
u20149,male
u23416,female
u10542,male
u23354,male
u13466,male
u18275,female
u17846,male
u15692,male
u16763,male
u15846,male
u16768,female
u22688,male
u14893,female
u12061,female
u22336,male
u10093,male
u15587,female
u21468,female
u22860,male
u18975,male
u16373,female
u21983,male
u10347,male
u14734,male
u16026,male
u19919,female
u14838,female
u21586,female
u19683,male
u17957,female
u10733,male
u23109,male
u16194,male
u24948,male
u22978,male
u18980,female
u17918,male
u18465,male
u22144,female
u22112,female
u16166,female
u19348,male
u11230,male
u12723,male
u11217,male
u20678,male
u12832,female
u17031,female
u12891,female
u15369,female
u19915,male
u16643,female
u12633,female
u13228,male
u23891,female
u14576,female
u16320,male
u16385,male
u10865,female
u12078,female
u24868,male
u19511,male
u14939,male
u24979,female
u22256,female
u24936,female
u16516,female
u18472,male
u12383,female
u21632,female
u11167,female
u19123,female
u18133,female
u12647,male
u22344,female
u16909,female
u15057,male
u17482,male
u15570,female
u10725,female
u10057,male
u21529,female
u11498,female
u23154,male
u13871,male
u19528,female
u15602,male
u16944,female
u13797,female
u12009,female
u24743,male
u17026,female
u17119,female
u19701,male
u11186,female
u11654,female
u14279,female
u18069,male
u10507,female
u23138,female
u14332,female
u10566,male
u11789,male
u10114,female
u15352,female
u13177,male
u21327,female
u24216,male
u14591,male
u19411,female
u12903,female
u11859,male
u19804,male
u22154,male
u23178,female
u15942,female
u21752,female
u13841,male
u12665,male
u11056,male
u17526,male
u12262,male
u14118,female
u13664,female
u23377,female
u23093,female
u12694,female
u24757,female
u21553,female
u17984,female
u13658,male
u19751,male
u24645,female
u16388,female
u16479,female
u18645,female
u19589,male
u14473,male
u23207,female
u22422,male
u19942,male
u20868,male
u15416,female
u14349,male
u16060,female
u20209,male
u11116,male
u23865,male
u24705,female
u16467,female
u14459,male
u18379,male
u15466,female
u14353,male
u15391,female
u11995,male
u17204,female
u12064,male
u11750,male
u10323,female
u22745,male
u11351,male
u18381,female
u21604,male
u10866,male
u17516,male
u24328,male
u21638,female
u14958,male
u12989,male
u13976,male
u23647,female
u14273,male
u16322,male
u12890,male
u13787,male
u15308,male
u18817,female
u14405,male
u23892,male
u12583,male
u22764,male
u23269,female
u19685,male
u16106,female
u10407,female
u14883,female
u23297,male
u19513,male
u10695,male
u23396,male
u24572,male
u18888,female
u20754,female
u11528,male
u24603,male
u10640,female
u15040,female
u17661,female
u24268,male
u23083,male
u14315,female
u12671,male
u12457,female
u22524,male
u18728,female
u14825,male
u21079,female
u16642,female
u15361,female
u14916,male
u20513,female
u17712,male
u17980,female
u16422,male
u10797,male
u22902,female
u15900,female
u13275,female
u21380,female
u15818,female
u18213,female
u19563,female
u16035,male
u15867,male
u21736,female
u17586,male
u12424,female
u23238,male
u19361,female
u10724,female
u20374,female
u15935,male
u22236,female
u20907,male
u25000,male
u18991,male
u22913,female
u20142,male
u10467,female
u19531,male
u21728,female
u11342,female
u23482,male
u10564,male
u10626,female
u10278,male
u14549,male
u18875,female
u18917,female
u23517,female
u19791,male
u13563,male
u21612,male
u17822,female
u18713,male
u14505,male
u11888,female
u23251,female
u17329,female
u18351,female
u21975,male
u17480,male
u22078,female
u14904,female
u15127,male
u21316,male
u17993,female
u11881,female
u22492,male
u10068,male
u15298,male
u17938,female
u20027,female
u24539,male
u14464,female
u16002,female
u10099,male
u14195,female
u13339,female
u11510,male
u13430,male
u24502,female
u22667,female
u18248,female
u10840,female
u19060,female
u15210,female
u16491,male
u24756,male
u18509,male
u22791,female
u23858,male
u19395,male
u15905,male
u12979,male
u20134,female
u19420,female
u20701,female
u21382,female
u15759,female
u10997,female
u18060,male
u20140,female
u10780,female
u18832,male
u15212,male
u13685,female
u19252,female
u14142,male
u21689,female
u17188,male
u23405,male
u19952,male
u11130,female
u20541,female
u11213,male
u11229,male
u10353,male
u16818,male
u18941,female
u20185,female
u18118,male
u24768,male
u13005,female
u20259,male
u21469,male
u19628,male
u13633,female
u17930,female
u18461,female
u15949,female
u23847,male
u13047,female
u20241,female
u10885,female
u16789,male
u24375,female
u20042,female
u12706,male
u15249,female
u21231,male
u17198,female
u10300,female
u23552,male
u18666,male
u11698,male
u21546,female
u14737,female
u11604,male
u15930,female
u23779,female
u14887,male
u23756,female
u13144,male
u20008,male
u11006,female
u10437,male
u24303,male
u23977,male
u10258,female
u17829,male
u11220,female
u17690,male
u13894,male
u15265,female
u17853,female
u20564,female
u15521,male
u10981,male
u18148,female
u10897,male
u20952,male
u12518,male
u16884,male
u13829,male
u22471,female
u20312,female
u20982,male
u19544,male
u19973,female
u19495,female
u16051,female
u21854,male
u16595,male
u23315,male
u16301,female
u20971,male
u10274,female
u24206,female
u11344,female
u20003,male
u15860,female
u14669,male
u19758,male
u16947,female
u22402,male
u17923,female
u15021,female
u17416,female
u24141,male
u24294,male
u22895,female
u21445,female
u16168,female
u24199,female
u10486,female
u19008,male
u23586,male
u20348,female
u14366,female
u19432,female
u15115,female
u16475,male
u19468,male
u18332,female
u19760,male
u14933,male
u17215,male
u12858,male
u14072,male
u14719,male
u17523,male
u10553,male
u17998,female
u20874,male
u24513,male
u11734,female
u19371,male
u17306,male
u20269,female
u23612,female
u24183,female
u21622,male
u21242,male
u24309,female
u19789,male
u11857,female
u15414,male
u17723,male
u22189,female
u20480,female
u14057,female
u15736,female
u22767,female
u12684,male
u10108,male
u10439,female
u18651,male
u10404,female
u18255,male
u14545,male
u10289,female
u19219,male
u14996,female
u15126,male
u19672,male
u22284,male
u13655,female
u19206,female
u23256,female
u10411,female
u24003,male
u21002,female
u20163,female
u24722,male
u14285,female
u15187,female
u22027,female
u10122,female
u23548,female
u24419,male
u20432,female
u21198,female
u16809,male
u13200,female
u16950,female
u22448,female
u10402,female
u23700,female
u15326,female
u19201,female
u19696,female
u24379,male
u11044,female
u17244,male
u20292,male
u21962,male
u20913,female
u14041,male
u20505,male
u24682,female
u14677,female
u10198,male
u21772,female
u14379,female
u10007,male
u23786,female
u13033,female
u24717,male
u24271,male
u23937,male
u24333,male
u14518,male
u10165,male
u24642,male
u13811,female
u18710,male
u12590,male
u19118,male
u15730,female
u21066,female
u12369,male
u21415,female
u23985,female
u13164,male
u11139,male
u17118,male
u24219,female
u13748,male
u22506,female
u21467,female
u12054,male
u24930,male
u17763,male
u16412,female
u12195,female
u17180,male
u23851,female
u20616,female
u20507,male
u20630,female
u12932,female
u12399,female
u11412,male
u11946,male
u13706,female
u11410,female
u16279,female
u10618,male
u11944,female
u22352,male
u13645,male
u24321,female
u20892,female
u23534,male
u21426,female
u14084,male
u19313,female
u22187,female
u18966,male
u24912,female
u18577,female
u14434,female
u11563,female
u24962,female
u24377,male
u17507,female
u15507,male
u19510,female
u23156,male
u17183,female
u15455,female
u11257,female
u22085,male
u11455,male
u21112,male
u12191,male
u17445,male
u14468,female
u20132,male
u16423,male
u21870,female
u22769,male
u23934,male
u24734,female
u24713,female
u19864,female
u19819,female
u12091,male
u14956,male
u15009,female
u12257,female
u16292,male
u24414,male
u16913,female
u23771,female
u23543,male
u21433,female
u13985,male
u11689,female
u11438,male
u16360,female
u17633,female
u11605,male
u11753,female
u14574,male
u20030,male
u22531,female
u19576,female
u11334,female
u19109,male
u17297,male
u12905,male
u10223,female
u19803,male
u10608,female
u18622,male
u24842,female
u15392,male
u11647,male
u16563,male
u11121,male
u18135,female
u17409,male
u13040,male
u10262,female
u19564,male
u19677,male
u14557,male
u14536,male
u20705,female
u18649,female
u13410,male
u21514,female
u13710,female
u12271,female
u24787,female
u18930,male
u12183,female
u10212,male
u18699,female
u22006,female
u17618,female
u18326,male
u23353,male
u20713,female
u20069,female
u12144,female
u24507,male
u24361,female
u16994,male
u17017,male
u24096,male
u24493,male
u15138,male
u19070,female
u24753,male
u22585,male
u13574,male
u20818,male
u11718,female
u20462,female
u15918,male
u20026,female
u13485,male
u21963,male
u10359,female
u18167,male
u21298,male
u14682,female
u10312,female
u20256,male
u19278,male
u17706,female
u14082,female
u24163,female
u14275,female
u12250,female
u13654,female
u15248,female
u23112,female
u10684,female
u19363,male
u21955,female
u15772,female
u12204,male
u19980,female
u10990,female
u23711,female
u21454,female
u21481,female
u22072,female
u14610,male
u16513,male
u10186,male
u21178,female
u22710,male
u21918,female
u10181,female
u21323,female
u12298,male
u24129,male
u11034,male
u20434,female
u14125,male
u11942,female
u21029,female
u17699,female
u15386,female
u19667,female
u18008,female
u17157,female
u17997,male
u17246,female
u11419,male
u16064,female
u21804,male
u15272,female
u22242,male
u21171,male
u17890,male
u15487,male
u23415,male
u22341,female
u12514,male
u23382,female
u16529,male
u21086,male
u16189,female
u19311,female
u11688,male
u23573,male
u10907,female
u16953,male
u20273,female
u23597,female
u19778,male
u21159,male
u24402,male
u16128,male
u14054,female
u15653,female
u16129,male
u17437,female
u20840,female
u12509,female
u21373,female
u14551,female
u20652,female
u24707,male
u17737,female
u10047,female
u14581,female
u13659,female
u22587,female
u23165,male
u12212,female
u13977,female
u14246,female
u22868,male
u23307,male
u23481,male
u23671,male
u24002,male
u18030,male
u23678,male
u21912,male
u11975,female
u17966,female
u20059,male
u22565,male
u12681,female
u12539,female
u24554,male
u20728,male
u21770,male
u10514,male
u19102,male
u23895,female
u21305,female
u23282,male
u13207,female
u23883,female
u20732,male
u12910,male
u10968,female
u13387,female
u12950,female
u21814,male
u18958,female
u15401,male
u17060,male
u14475,male
u24791,male
u12345,female
u17616,female
u12122,female
u22428,male
u11360,male
u18437,female
u10496,female
u11850,female
u10025,male
u15357,female
u23132,male
u10423,male
u11766,male
u19794,male
u12206,female
u21713,female
u18299,male
u21984,female
u14641,female
u21486,male
u19341,female
u15651,female
u18506,female
u12772,female
u13950,male
u19169,female
u10203,male
u13363,female
u11573,male
u15783,male
u11863,male
u10955,female
u11949,male
u10899,female
u24446,male
u22238,male
u19106,male
u18856,male
u24337,male
u11761,female
u13404,male
u16481,male
u19401,female
u20355,female
u15415,male
u16620,female
u16854,male
u12323,male
u16766,male
u18414,female
u18842,female
u15901,male
u12479,female
u17292,male
u17010,male
u15703,male
u19977,male
u24409,female
u10317,female
u15371,male
u16914,female
u14015,female
u20154,male
u16489,female
u15258,female
u12433,male
u16453,female
u14453,female
u12338,male
u23247,female
u14354,male
u18533,male
u10976,male
u11278,female
u20839,female
u13147,male
u24274,female
u23379,female
u19483,female
u15699,female
u20958,female
u22210,male
u13865,female
u15117,male
u11531,male
u17709,female
u24906,male
u14168,female
u10191,male
u10632,male
u18252,male
u15761,female
u15640,male
u23306,male
u19066,male
u12443,male
u15836,female
u19297,male
u13920,male
u19443,male
u19429,female
u15847,female
u17095,male
u17793,male
u13541,female
u19969,male
u10352,male
u24573,male
u22616,male
u17356,female
u17053,female
u20572,male
u22479,male
u23208,male
u20642,female
u22898,female
u10833,female
u24233,female
u15087,male
u12758,male
u15163,male
u23408,male
u11066,male
u11731,female
u24903,male
u14208,female
u20390,male
u24759,female
u14465,male
u11048,male
u14853,male
u15937,female
u23569,male
u19160,female
u24839,female
u23050,male
u11648,male
u15986,female
u14356,male
u22330,male
u17238,female
u18282,male
u12724,female
u10211,male
u20439,male
u11676,female
u19809,female
u23772,male
u19342,female
u22814,male
u14935,male
u18717,male
u16088,male
u20740,male
u12145,male
u21041,male
u12267,male
u24971,female
u10802,male
u22385,female
u10555,male
u11854,male
u19412,female
u22781,female
u14733,male
u16605,female
u15974,female
u20055,male
u20233,male
u10732,male
u21595,male
u16085,female
u12121,female
u21775,male
u10310,female
u15756,female
u14211,male
u15567,male
u11288,female
u17583,female
u18625,female
u22852,male
u22469,female
u14344,male
u23305,female
u22412,female
u16797,male
u11372,male
u11280,male
u15133,male
u15858,female
u21503,female
u19100,female
u20568,male
u20784,male
u20813,female
u21272,female
u15694,female
u18647,female
u20845,female
u21330,male
u21332,female
u14974,female
u18741,female
u22871,female
u16131,female
u13317,male
u18881,male
u23412,female
u13965,female
u21369,female
u22164,female
u17602,female
u17263,male
u16709,male
u13524,male
u15239,female
u16869,male
u14231,male
u23922,male
u22775,female
u13635,male
u14986,female
u13656,female
u20216,female
u10890,female
u16610,female
u18196,male
u20301,female
u10591,female
u15669,male
u19904,female
u22184,female
u14522,male
u23510,male
u11506,male
u14482,female
u17185,male
u23842,male
u17579,male
u10127,female
u23487,female
u22921,male
u10338,male
u15654,male
u18297,male
u17166,female
u22597,female
u13031,male
u12776,female
u14686,female
u17253,female
u22994,male
u23874,female
u18540,female
u14794,female
u24537,male
u24050,female
u24475,male
u13158,female
u24306,male
u23996,male
u11021,female
u24187,female
u14318,female
u23621,female
u10821,male
u15748,female
u20024,male
u13490,female
u20837,male
u15270,female
u12893,male
u22169,female
u19535,female
u23069,male
u22328,male
u10621,female
u22648,female
u24886,male
u19163,female
u16941,male
u13186,female
u22415,female
u13366,male
u20517,female
u10503,male
u15838,male
u13368,male
u21997,male
u15484,female
u19720,female
u11252,female
u24858,male
u16799,male
u12886,female
u24073,male
u16659,male
u15922,male
u23473,male
u17125,female
u21930,female
u21649,male
u20969,male
u15106,female
u12675,female
u13689,male
u23792,female
u22518,male
u10510,female
u22083,female
u11364,female
u21801,male
u14447,male
u16673,female
u12577,female
u20575,male
u10773,male
u18928,female
u23427,female
u15449,male
u13048,male
u21636,female
u23888,male
u14478,female
u20478,male
u11192,female
u23740,female
u24338,male
u20694,female
u22156,male
u18321,female
u15673,male
u15013,male
u23724,female
u15262,female
u24078,female
u11833,female
u11593,male
u18803,female
u14278,female
u13650,male
u20721,female
u23309,male
u11939,female
u20161,male
u20177,female
u13628,female
u11424,male
u23398,female
u24816,male
u18131,female
u13099,female
u14529,female
u15890,female
u20102,female
u11452,male
u23941,female
u19272,female
u11279,male
u11486,female
u15908,female
u17205,male
u22944,female
u11138,female
u14295,male
u21684,female
u15320,male
u12303,male
u10178,female
u12914,female
u10141,female
u19582,female
u19096,female
u18905,female
u19496,female
u22343,male
u15664,female
u18387,male
u23788,female
u13683,female
u24874,male
u22717,male
u18291,female
u21832,female
u21207,male
u13415,female
u19194,female
u16771,male
u15615,male
u19053,female
u23262,male
u11035,male
u22024,male
u20540,male
u16272,female
u19237,male
u21666,male
u22366,female
u10927,female
u20699,female
u24230,male
u20011,male
u23411,female
u23846,male
u11940,female
u11014,male
u23479,female
u12801,male
u17096,female
u11458,male
u16013,female
u15128,male
u21341,male
u23539,male
u20538,female
u10427,female
u18288,female
u11541,male
u14504,male
u13941,female
u14263,female
u23372,female
u23125,male
u18434,male
u14818,male
u19805,male
u24686,female
u22311,female
u13924,female
u24209,male
u21531,male
u22279,female
u19367,male
u13346,female
u14980,female
u15800,male
u12696,female
u19270,male
u10745,male
u20602,male
u14342,male
u16748,male
u23926,female
u14603,male
u13757,male
u15231,male
u13330,male
u18658,male
u23423,male
u19147,female
u23448,male
u22370,male
u10475,female
u16741,female
u15132,female
u24466,male
u10936,male
u15608,female
u10574,female
u10237,male
u21378,female
u15175,female
u21614,male
u11517,male
u10231,female
u11107,female
u12919,female
u14480,female
u11227,male
u18316,female
u13226,male
u20270,female
u19287,male
u23360,male
u11478,female
u14547,male
u22628,male
u12730,male
u13568,male
u17337,male
u13286,male
u15094,male
u20416,male
u18894,male
u10311,male
u19451,female
u23414,female
u18334,female
u20748,male
u16667,female
u24778,female
u18568,male
u15689,male
u14360,male
u14978,female
u15936,female
u10609,female
u13834,female
u12701,female
u21650,male
u14423,male
u21923,female
u22353,female
u22195,female
u15436,male
u12140,male
u21344,male
u12517,female
u12641,female
u24289,female
u15611,male
u12812,female
u23078,female
u22581,male
u16139,female
u10158,male
u22559,female
u22909,female
u13032,female
u11025,male
u15644,male
u10947,female
u16813,male
u21217,female
u15104,female
u22677,female
u21398,female
u17941,male
u11441,male
u14572,female
u23710,female
u14790,female
u15073,male
u14762,male
u13617,female
u10533,female
u17259,female
u17518,male
u18764,female
u16435,male
u13445,female
u20709,male
u15851,female
u15377,male
u18123,male
u18426,male
u16530,male
u20398,female
u14582,female
u24026,female
u19547,female
u16684,male
u15038,male
u18306,female
u15972,male
u15296,male
u23642,male
u11617,female
u14484,male
u16119,male
u13804,female
u15018,female
u24443,male
u12792,male
u15933,female
u21042,female
u24914,male
u19039,female
u11201,male
u23743,male
u11470,male
u23292,male
u19509,female
u10599,female
u11392,female
u10009,male
u18418,male
u14601,male
u22338,female
u10605,female
u17496,male
u11426,female
u12111,male
u19558,male
u21394,female
u16381,female
u15393,female
u17959,male
u13520,female
u18052,female
u24300,male
u19671,female
u22682,female
u21348,male
u17004,female
u14006,male
u10113,female
u21973,male
u21901,female
u17466,female
u21101,male
u14442,female
u16210,male
u18843,female
u23383,male
u15438,female
u12344,female
u14403,female
u23963,female
u22617,female
u18443,male
u10767,male
u10934,female
u16416,male
u22192,male
u11527,male
u12266,female
u24555,female
u19999,female
u17302,female
u16670,male
u16785,male
u23170,male
u19480,male
u21868,male
u19009,female
u19068,female
u15606,female
u11239,male
u16759,male
u15056,female
u23931,female
u21090,male
u20685,male
u24831,male
u21677,male
u18366,female
u16807,male
u19299,female
u18343,female
u17711,male
u14000,female
u15549,male
u22778,female
u11775,male
u20222,female
u16147,male
u21759,female
u21453,male
u24038,male
u22186,male
u14909,female
u16499,female
u16024,male
u10813,male
u16443,female
u21858,female
u24254,male
u24134,male
u17874,female
u21262,male
u12748,female
u10315,male
u12900,male
u21517,male
u23159,male
u10177,female
u17964,female
u15345,male
u11778,female
u11584,male
u21567,female
u10648,female
u17736,male
u24064,female
u10800,male
u14180,male
u24278,female
u11081,male
u21196,male
u11852,male
u19567,female
u16447,female
u24108,female
u18101,female
u23628,male
u16155,female
u20489,male
u17731,male
u12552,male
u14330,male
u16492,male
u11399,female
u18602,male
u19090,male
u19035,male
u14816,female
u16032,female
u14300,male
u16303,male
u11256,male
u20829,female
u12984,female
u18691,male
u14373,female
u18784,female
u15916,female
u16824,male
u19962,male
u23721,male
u24731,female
u10743,female
u24916,female
u17752,male
u19979,male
u17473,male
u15335,male
u19099,female
u13901,female
u16957,male
u19655,female
u21489,male
u15070,male
u11644,female
u23058,female
u11568,male
u20727,male
u13478,male
u12468,male
u10962,female
u24929,male
u24724,female
u21204,female
u15873,female
u23518,female
u12860,male
u20123,female
u18310,male
u16801,female
u22245,male
u21147,female
u24068,female
u11500,female
u23789,female
u18494,male
u14176,male
u21463,female
u22861,male
u24970,female
u16622,female
u21934,male
u16052,male
u15076,female
u15244,male
u15648,female
u21140,male
u18440,female
u15526,female
u11306,male
u18179,male
u21647,male
u11491,male
u22993,male
u13009,female
u23555,male
u14272,male
u15929,male
u22325,female
u23228,female
u24900,female
u11459,female
u14107,female
u21070,male
u16093,female
u22699,male
u18170,male
u11221,male
u16278,male
u10324,female
u13577,female
u16773,male
u24133,male
u19820,male
u19031,male
u16852,male
u19757,female
u17573,male
u19448,female
u18180,male
u22958,female
u22020,male
u14607,female
u16315,female
u21131,female
u10765,male
u10588,female
u10811,male
u12862,male
u10376,female
u19028,female
u19890,female
u24945,male
u24228,male
u24824,male
u12502,female
u22665,female
u17159,female
u22697,female
u15828,female
u12578,female
u16984,male
u20529,male
u10650,male
u19203,male
u24587,male
u23428,female
u15055,male
u16970,male
u12409,male
u21410,male
u21054,female
u17000,male
u23633,male
u20534,female
u11255,female
u15275,male
u17500,male
u14257,female
u24594,female
u17539,male
u18385,male
u13231,female
u22598,male
u17224,male
u18473,male
u20886,female
u18852,male
u13399,female
u14408,male
u14103,female
u18910,male
u23323,female
u24708,male
u24750,male
u21815,male
u16653,male
u21662,male
u23575,female
u19642,male
u17852,female
u16399,female
u17929,female
u10945,female
u14577,male
u12506,male
u16090,female
u11853,male
u20658,male
u16118,male
u20578,male
u24921,female
u11554,female
u16257,female
u19703,female
u12146,male
u16716,female
u17230,female
u22632,male
u20182,female
u18701,male
u17576,male
u18876,male
u10764,male
u22420,female
u21457,female
u13629,male
u22759,female
u18182,female
u18449,male
u14804,female
u22335,male
u24525,female
u19687,male
u19596,male
u20203,female
u24512,male
u15568,female
u21991,male
u18129,male
u14106,male
u11543,female
u20412,female
u10804,male
u14729,male
u17131,female
u22399,female
u22182,male
u23659,male
u21477,male
u19752,male
u12366,male
u23476,female
u18047,male
u10738,female
u10716,female
u18001,male
u24034,male
u14191,female
u17895,female
u19764,male
u13753,female
u22949,male
u22986,male
u10557,female
u14705,female
u10982,male
u21494,female
u23120,female
u20878,male
u24429,male
u14805,female
u15805,male
u14639,female
u15884,male
u11414,male
u15769,female
u22708,female
u17946,male
u17590,female
u19625,female
u18554,female
u20367,male
u19040,female
u21692,female
u17952,male
u18006,male
u14206,female
u16502,male
u11267,female
u19546,male
u21609,male
u13428,female
u20293,male
u23574,female
u24545,male
u22992,female
u19621,male
u11423,male
u17366,female
u12201,male
u17882,female
u10145,male
u12483,female
u17019,female
u23734,female
u12844,male
u10268,female
u10705,female
u20684,male
u19631,female
u23009,male
u17650,male
u23402,male
u17276,female
u10381,male
u24222,male
u15793,female
u21024,female
u10525,male
u21999,male
u16594,male
u17129,female
u11862,male
u22681,female
u20690,male
u21266,female
u13845,female
u11827,male
u24993,male
u10121,female
u14201,male
u13269,female
u13174,male
u15752,female
u20442,female
u12042,female
u13382,male
u22877,male
u13784,female
u12511,female
u24148,male
u22621,male
u15096,male
u13715,female
u11374,male
u17375,female
u17121,female
u14335,female
u12380,male
u18136,female
u19897,female
u15316,female
u21153,male
u20841,male
u12382,female
u10314,female
u15333,female
u22735,male
u24907,male
u17390,female
u21465,male
u14425,female
u23935,female
u16910,female
u21585,male
u14469,female
u18089,female
u11508,female
u19265,female
u18078,male
u24427,male
u10119,female
u19924,male
u15631,male
u19437,male
u22945,female
u10041,female
u22032,female
u24499,male
u12198,female
u14027,male
u21788,male
u22874,male
u16857,female
u15718,female
u24218,female
u24182,female
u19164,female
u16535,male
u10678,male
u10998,female
u23824,female
u17654,female
u16864,female
u14133,male
u20058,female
u24749,male
u16986,female
u16645,female
u22037,male
u14033,female
u13926,male
u12074,female
u24177,male
u15209,female
u22675,female
u17572,male
u21510,male
u22916,male
u24999,female
u16075,female
u10726,male
u24101,female
u13631,female
u18445,female
u18582,female
u13236,female
u20332,male
u12999,male
u15518,male
u18380,female
u23264,female
u22380,male
u24548,female
u11159,female
u11619,female
u23753,female
u16668,female
u16902,female
u17227,female
u13957,male
u18410,male
u24436,male
u14546,female
u18462,female
u14658,female
u19932,male
u15904,female
u10625,male
u17669,female
u17612,female
u20972,female
u15399,female
u20044,female
u17746,male
u12865,female
u21597,male
u23035,female
u15524,male
u15342,male
u24872,male
u13634,female
u23030,female
u14863,male
u11730,female
u16891,male
u11143,male
u13419,male
u15257,female
u16783,male
u19129,female
u13975,female
u22142,male
u13826,male
u15084,female
u20625,female
u18132,female
u22475,female
u20349,male
u14924,male
u23401,female
u10414,male
u16532,female
u21644,female
u18345,male
u21565,male
u15697,female
u22067,female
u23217,male
u20303,female
u18650,female
u10164,male
u22253,male
u20514,female
u11763,female
u11502,female
u18222,male
u14116,male
u14940,female
u20516,male
u17506,male
u11864,female
u20133,female
u14906,female
u20404,female
u14371,male
u11246,female
u12290,male
u19992,male
u13565,male
u11294,female
u22856,female
u10903,female
u23961,male
u11776,female
u13499,female
u20700,female
u19958,male
u22705,male
u10327,male
u22554,male
u20532,female
u21599,male
u13580,male
u22390,female
u16337,female
u19428,male
u14509,female
u13877,female
u19522,female
u21281,female
u22924,male
u19113,female
u18323,male
u24022,female
u24690,male
u22955,male
u19614,male
u18154,female
u23577,female
u11170,male
u20260,female
u16961,female
u23638,female
u24369,male
u13986,male
u12764,male
u13333,female
u22230,female
u23176,male
u21990,male
u14824,male
u18847,male
u14386,female
u17811,male
u15967,female
u15026,male
u17187,female
u13714,female
u10413,female
u13312,female
u23958,male
u23712,male
u24364,male
u24607,female
u16299,male
u23893,female
u14020,female
u11471,female
u24332,female
u17666,male
u20284,male
u21195,female
u23799,male
u23611,female
u24195,female
u20136,male
u10850,female
u20502,female
u20757,female
u23146,female
u15590,male
u17173,male
u19154,female
u23885,male
u13743,female
u16007,male
u17947,female
u10844,male
u10390,female
u15318,male
u10939,male
u21107,male
u12883,male
u21304,female
u11945,male
u23080,female
u22375,female
u13495,male
u16873,male
u23976,female
u12019,female
u21436,male
u18935,male
u22668,male
u18207,male
u21747,male
u13345,male
u12119,male
u16204,female
u21321,female
u20097,female
u13305,male
u14249,male
u18110,male
u13079,male
u20162,male
u18388,male
u17738,male
u14849,female
u17983,male
u13931,male
u14173,male
u21264,male
u19620,male
u15179,female
u23850,female
u23243,female
u10707,male
u21253,female
u19503,male
u23028,female
u13199,male
u13558,male
u22633,female
u18932,female
u23632,male
u19198,female
u15025,female
u17649,male
u19632,female
u12203,male
u16183,male
u17939,female
u18396,male
u20040,male
u23084,female
u13839,male
u15886,male
u12048,male
u24393,female
u22303,male
u12744,male
u14039,female
u13929,female
u14049,female
u17887,female
u13832,female
u12562,female
u14728,female
u17901,male
u23105,female
u17778,female
u18564,male
u24285,female
u18746,female
u11262,female
u19724,male
u16148,male
u10232,male
u15882,female
u22512,male
u11797,female
u24922,male
u22159,female
u21589,female
u20160,male
u24893,male
u17781,male
u24616,female
u19575,female
u21769,female
u16989,male
u12651,male
u13397,female
u12426,female
u21256,male
u11008,male
u17456,female
u23054,male
u22282,female
u19427,male
u11088,female
u13592,male
u19364,female
u19336,female
u11710,female
u15920,male
u15450,female
u15144,female
u24538,female
u13686,male
u17724,male
u21521,male
u12753,male
u21290,male
u19606,female
u21718,female
u12392,male
u15423,female
u20009,female
u19145,female
u16903,female
u10835,male
u21741,female
u14233,female
u14078,female
u16923,male
u22983,male
u13308,male
u22074,female
u17342,male
u10378,female
u11413,female
u13895,female
u19920,female
u22820,male
u13146,male
u19708,female
u15363,female
u18865,female
u19797,male
u17619,female
u21021,female
u13667,male
u22666,male
u17594,male
u19289,male
u19408,female
u18333,male
u12709,male
u20906,female
u19602,male
u21301,male
u22161,female
u24894,male
u21001,female
u21339,female
u13309,female
u13723,male
u24532,female
u14363,male
u23936,female
u13843,female
u19847,female
u20865,male
u23380,male
u13974,male
u16877,female
u13224,female
u20214,male
u18992,female
u22964,male
u16803,female
u11145,female
u19347,male
u23273,male
u15314,male
u22595,female
u17693,female
u11271,female
u10884,male
u20814,male
u22449,male
u23072,female
u15293,female
u24470,female
u17077,male
u15169,male
u20279,male
u20217,female
u20263,female
u22977,male
u19177,male
u13738,female
u13885,male
u23136,female
u10078,female
u21069,male
u16079,female
u11661,female
u13406,female
u19768,male
u16173,male
u12703,male
u17591,female
u20407,male
u14664,male
u10366,female
u11835,female
u11686,female
u20555,male
u22413,male
u12765,male
u14643,male
u10790,female
u15702,female
u23339,male
u10499,male
u11206,female
u17432,male
u21447,female
u20155,female
u24939,male
u10584,female
u23713,female
u23395,male
u12949,female
u16284,female
u10218,female
u14428,female
u14290,female
u24644,female
u20832,female
u17179,male
u24504,male
u20823,female
u19860,female
u17362,male
u19260,male
u15677,male
u17137,female
u23561,male
u20695,female
u16612,female
u15307,female
u12241,male
u16551,female
u10796,male
u23471,female
u24412,female
u17239,male
u17948,female
u20467,female
u20855,male
u12362,female
u15961,male
u24913,female
u24918,male
u16493,male
u18989,female
u23619,female
u22851,female
u15690,male
u23089,male
u19422,male
u16270,male
u13744,male
u17971,female
u21197,female
u18614,female
u19646,male
u21255,male
u10273,male
u18515,female
u16298,male
u18909,male
u22107,female
u17769,male
u24220,female
u21118,female
u13846,male
u17686,male
u22821,female
u16707,female
u18302,female
u23813,male
u15053,male
u10466,male
u10857,female
u18586,female
u10843,female
u12224,male
u16380,female
u16875,male
u15289,male
u12180,female
u15324,female
u18086,male
u23399,female
u22777,female
u22500,female
u10910,male
u13392,male
u15216,female
u14221,female
u11751,male
u10297,female
u11532,male
u14466,male
u24411,male
u22069,male
u12472,male
u20668,male
u16439,female
u20629,female
u22586,male
u21383,male
u16452,female
u22774,male
u23881,female
u19658,female
u13822,male
u18532,male
u10326,male
u17697,female
u10808,male
u18675,male
u10672,male
u13942,male
u20848,male
u18294,female
u14674,male
u22950,female
u14178,male
u20506,male
u10887,female
u16432,male
u14931,female
u17348,male
u21671,male
u18267,male
u11905,female
u10921,female
u14792,male
u19604,female
u15683,female
u16415,female
u16343,female
u15228,female
u16180,male
u12648,male
u24790,male
u11598,male
u17287,female
u17316,female
u19603,male
u12838,female
u11849,male
u18276,female
u17748,female
u21254,female
u21003,female
u14061,female
u21347,male
u22938,female
u17486,female
u13240,female
u17254,male
u12789,female
u17330,male
u24597,female
u15287,male
u20581,male
u23386,male
u23990,male
u19257,male
u13384,male
u21967,male
u21176,male
u20180,male
u18831,male
u24093,female
u23211,female
u17679,female
u10183,female
u12957,male
u17406,female
u24973,female
u23889,male
u12819,female
u24575,female
u24084,female
u20914,male
u21864,male
u24076,male
u15853,female
u12320,male
u13850,male
u18790,male
u22369,male
u20661,male
u13593,male
u13175,female
u18471,female
u16480,male
u24796,female
u20508,female
u23578,female
u21185,male
u17972,male
u13101,male
u12558,female
u15099,male
u19785,female
u11792,female
u16030,female
u14350,female
u15498,male
u11037,female
u14764,female
u16587,male
u17657,male
u19501,female
u22106,female
u11122,male
u21826,male
u21034,female
u23769,male
u17152,male
u23191,male
u14152,female
u21498,female
u13922,female
u12541,male
u21937,male
u21921,female
u20501,male
u15971,female
u16438,male
u11179,male
u14220,female
u16004,female
u20743,male
u22277,male
u22205,male
u12710,female
u11771,female
u14200,female
u13600,female
u11049,male
u10339,male
u19526,female
u14204,female
u16473,male
u18604,male
u16313,female
u21538,male
u21191,female
u22089,male
u13670,female
u21637,female
u10244,female
u24065,female
u18778,male
u10167,female
u20188,female
u17452,male
u20761,female
u16729,male
u12845,male
u15252,male
u14007,male
u22450,male
u17635,male
u14661,female
u11020,female
u15624,female
u11388,female
u17698,female
u22266,female
u15227,female
u18422,female
u17457,male
u22673,female
u16185,male
u18063,female
u23139,female
u17949,male
u11233,female
u10989,female
u12187,male
u14055,male
u13232,female
u15426,female
u19663,male
u17772,male
u14222,male
u21156,male
u17027,female
u22504,male
u19062,female
u11578,female
u15844,male
u14850,female
u13780,male
u17870,male
u13470,female
u12750,male
u12970,female
u19046,female
u10906,female
u17325,female
u10120,female
u12478,male
u19057,male
u11983,male
u10431,male
u23332,male
u18587,male
u16859,female
u13639,female
u16130,female
u12726,female
u10225,female
u22173,female
u23696,female
u19917,male
u20809,female
u15020,male
u24483,male
u24207,female
u21221,male
u12683,female
u20500,female
u12223,female
u21583,male
u17525,male
u13062,female
u19120,male
u19015,male
u13726,female
u24487,female
u10562,male
u24780,male
u11313,female
u17298,male
u13391,male
u20096,male
u24841,male
u11245,female
u10543,male
u21007,female
u17558,female
u22160,male
u19584,male
u21452,male
u15453,male
u23024,female
u18464,male
u18839,female
u11017,female
u14854,male
u12335,male
u24678,male
u23456,male
u16786,male
u14141,female
u11400,female
u18798,male
u12955,male
u23964,female
u12084,female
u16330,female
u15064,female
u11663,male
u15636,male
u15469,male
u22460,male
u21600,male
u14541,female
u14050,female
u11643,male
u12220,male
u21563,male
u17163,male
u18819,female
u16510,female
u22291,male
u19882,female
u15433,female
u17491,male
u20476,female
u23403,male
u12621,female
u14942,male
u13902,female
u23572,female
u17226,female
u11993,male
u15975,male
u11639,female
u22122,female
u23829,female
u24688,male
u19986,female
u13395,male
u13340,female
u11094,male
u16071,male
u14312,female
u10589,male
u11653,male
u14503,male
u15953,male
u12815,female
u12098,male
u10585,male
u15273,male
u12375,male
u21903,male
u18049,male
u10517,male
u11588,female
u13416,female
u23831,female
u22550,female
u22240,female
u23189,male
u23903,female
u11029,female
u16735,male
u16521,male
u13755,male
u18589,female
u17823,male
u12398,male
u17626,female
u17365,male
u16295,male
u21537,male
u13042,male
u17847,male
u11477,female
u13035,female
u16691,female
u19343,female
u20546,female
u11408,female
u15539,male
u18660,male
u12510,female
u14928,male
u21971,female
u23629,female
u18491,male
u11817,female
u15305,male
u17209,male
u14964,female
u24641,female
u18354,female
u15801,male
u13534,female
u20768,female
u13772,male
u12881,female
u24540,female
u16635,male
u12471,male
u17954,female
u19896,male
u23540,male
u13888,male
u17380,female
u21950,male
u18915,female
u16225,female
u11075,male
u12867,male
u24171,male
u13591,female
u10702,male
u12089,male
u18600,male
u23319,female
u17750,male
u22060,male
u11839,female
u23673,male
u10775,male
u19137,male
u12067,male
u21247,female
u18751,male
u10930,male
u10532,female
u22566,female
u21613,female
u17682,female
u23263,female
u23373,female
u10534,female
u24683,female
u14814,male
u15938,male
u18721,male
u24435,female
u23668,male
u24473,male
u17305,male
u20931,male
u22331,female
u20077,female
u16490,male
u10909,female
u24695,female
u19971,male
u24861,male
u10260,male
u20815,female
u19742,female
u10822,female
u10101,male
u10239,female
u15044,male
u11420,male
u24434,male
u16975,female
u19849,female
u23623,female
u18961,male
u19055,male
u10827,male
u13383,female
u16420,male
u11012,male
u22467,male
u23361,male
u17773,male
u20062,female
u21806,female
u16258,male
u11259,female
u20275,male
u19135,female
u13148,male
u14226,female
u18466,female
u24023,male
u15696,female
u14837,female
u11866,male
u20744,male
u20554,female
u17653,female
u13821,male
u14597,male
u12967,male
u10085,female
u19360,female
u16686,female
u24687,male
u22590,male
u10221,male
u17085,female
u18801,female
u17611,male
u14474,male
u22817,female
u11111,female
u21661,female
u13594,male
u11376,male
u23875,male
u13349,male
u15421,male
u18918,male
u17785,male
u24146,male
u24919,male
u10665,female
u15245,male
u16656,female
u10084,female
u12410,male
u24100,male
u16037,female
u19027,male
u15637,female
u13369,female
u20884,female
u20159,male
u13447,male
u21045,female
u23468,female
u13728,female
u14684,male
u12356,female
u17866,male
u19894,male
u13049,female
u24758,female
u16576,male
u10860,female
u16177,male
u22957,female
u13280,female
u18157,female
u13077,female
u12717,female
u17678,male
u22181,female
u18579,female
u14319,female
u15286,female
u22553,female
u17399,female
u22865,male
u15007,female
u12370,male
u22596,male
u16796,female
u14895,female
u14187,male
u19431,female
u13879,male
u19629,male
u18314,male
u19298,male
u20614,male
u24298,female
u13652,male
u23501,male
u12895,female
u22704,female
u13202,female
u12727,female
u21048,male
u18307,male
u11994,female
u22982,female
u20909,male
u18598,female
u23111,female
u19318,male
u22887,female
u14190,male
u16893,male
u19715,male
u24556,female
u23643,male
u15876,male
u12445,male
u21013,female
u13431,female
u11841,male
u17903,female
u13906,female
u20079,female
u15909,male
u24143,female
u22741,male
u24117,male
u10373,male
u10490,female
u14225,female
u20363,male
u20675,female
u15158,female
u18260,male
u15267,male
u19497,male
u12351,male
u22221,female
u12134,female
u16800,male
u16074,male
u16375,male
u20790,female
u15667,male
u23161,female
u13122,female
u15762,female
u22721,male
u19991,male
u14749,female
u16661,female
u21225,male
u15563,female
u24014,male
u10096,female
u14902,female
u14665,female
u18468,female
u19788,female
u15067,female
u10506,female
u18028,female
u22789,female
u20248,female
u11865,male
u24583,female
u21908,male
u18766,male
u16770,female
u15552,female
u10299,female
u22780,male
u22548,male
u11586,male
u24667,female
u24031,male
u17448,male
u22493,male
u10558,female
u14320,male
u18502,female
u11600,female
u21328,female
u18765,male
u17580,male
u18715,female
u16350,female
u16056,female
u10301,male
u18869,female
u21429,male
u21337,male
u11769,male
u20421,female
u20635,female
u24718,male
u13489,female
u11174,male
u19308,male
u21817,female
u18174,female
u21936,male
u15682,female
u12504,female
u11087,male
u19537,male
u20626,female
u16573,female
u10281,female
u24158,male
u24437,male
u23607,female
u15928,female
u16413,male
u20810,female
u19892,female
u23558,female
u15477,female
u10832,female
u24389,female
u12826,female
u15663,female
u18870,male
u15856,female
u12167,female
u15588,female
u15123,female
u16507,male
u16247,male
u22368,female
u10293,male
u17647,female
u15583,female
u14056,male
u18670,female
u18122,male
u22773,female
u14307,female
u23246,male
u23873,female
u18849,male
u23665,female
u12196,female
u15225,female
u13390,male
u20549,male
u19117,female
u19374,male
u10484,male
u13684,male
u22663,male
u14345,female
u23240,male
u15713,female
u20000,male
u12462,female
u18931,female
u14034,female
u24843,female
u22645,female
u24244,female
u12784,male
u24147,male
u11381,female
u23335,female
u10126,female
u18210,female
u10594,male
u24890,male
u15234,male
u22257,male
u21068,female
u24347,female
u23145,male
u15417,female
u14162,male
u15550,female
u22827,male
u22808,female
u21271,female
u10647,male
u13842,female
u15398,female
u14270,male
u22835,male
u15722,female
u21353,male
u13037,male
u24935,female
u10105,male
u14467,male
u16578,male
u13372,male
u17291,male
u12304,female
u21887,male
u14710,male
u12229,male
u13235,female
u11285,female
u16569,male
u13874,male
u22809,male
u12085,female
u14383,male
u18580,female
u14528,female
u20341,male
u20521,female
u13638,male
u19695,male
u22355,male
u21928,male
u12467,male
u14799,male
u20320,female
u16640,female
u11900,female
u14256,female
u10679,male
u17383,female
u23347,male
u10058,female
u21189,male
u24961,female
u20156,female
u21562,male
u22925,male
u19670,male
u20451,male
u22686,female
u10152,female
u21964,male
u10949,male
u21229,male
u12245,female
u13315,female
u21493,male
u21483,male
u14587,female
u12693,male
u16370,female
u15835,male
u22379,male
u24033,female
u13149,male
u24185,male
u15536,female
u10037,female
u21384,male
u17062,male
u24980,female
u20633,female
u10635,male
u14890,female
u21257,male
u16538,female
u11819,female
u20431,female
u13123,female
u20294,female
u14983,female
u24968,male
u23508,male
u19421,female
u20996,male
u11709,female
u15150,male
u16212,male
u23203,male
u23877,female
u20760,male
u15605,female
u12605,male
u22165,male
u18947,male
u18175,female
u18551,male
u11878,male
u18682,male
u12025,female
u10735,male
u22204,female
u20048,female
u16494,male
u23342,female
u16767,male
u15707,male
u22477,female
u11196,male
u18690,female
u12307,male
u18239,female
u24265,male
u24536,male
u12598,female
u20680,female
u14461,male
u22798,male
u19085,male
u14517,male
u23655,male
u19300,female
u12687,female
u23440,female
u13632,male
u23966,male
u20527,female
u13253,male
u17094,male
u24310,female